TT Account,Label
cryptoprojects,Crypto
cryptomasun,Crypto
nft.degen,Crypto
crypto.review,Crypto
cryptocita,Crypto
cryptokang.reborn,Crypto
nftwhalemedia,Crypto
virtualbacon,Crypto
thewolfofbitcoins,Crypto
cryptowendyo,Crypto
cryptoweatherman,Crypto
rw_crypto,Crypto
layahheilpern,Crypto
performante,Crypto
girlgone_crypto,Crypto
cryptoentrepreneur,Crypto
theclevermillionaire,Crypto
cryptochuck,Crypto
cryptojebb,Crypto
ivanontech,Crypto
heider_realestate,Real Estate
itselijones,Real Estate
realestatephotographymc,Real Estate
byronlazine,Real Estate
steeviesoucie,Real Estate
glenndabaker,Real Estate
marktilbury,Financial Education
humphreytalks,Financial Education
pricelesstay,Financial Education
johnefinance,Financial Education
calltoleap,Financial Education
breakyourbudget,Financial Education
yourrichbff,Financial Education
pariibafna,Financial Education
deeperthanmoney,Financial Education
kenny.finance,Financial Education
sarafinance,Financial Education
seth.godwin,Financial Education
tik.stocks,Stocks
theceowatchlist,Stocks
plford_,Stocks
apexalliance,Stocks
opulent.ventures,Stocks
isaacsuffren,Stocks
tradersevolve,Stocks
stockdads,Stocks
thetradinglab,Stocks