account,Unnamed: 0,Impressions (2023-03-14),Profile Views (2023-03-14),Reach (2023-03-14),Total Posts,Impressions (2023-03-14),Profile Views (2023-03-14),Reach (2023-03-14),Total Posts
basketball,0,9404,37,9404,25+,9404,37,9404,25+
cute cats,1,4195,8,3907,25+,4195,8,4039,25+
cooking,2,4018,6,3968,25+,4268,6,3968,25+
brookemonk_,3,1009,16,974,25+,1009,16,974,25+
onlyjayus,4,638,20,600,25+,638,20,600,25+
haleyybaylee,5,513,43,415,25+,513,43,419,25+
alixearle,6,120,5,33,25+,120,5,33,25+
minecraft,7,53,0,53,25+,53,0,53,25+
breckiehill,8,42,8,10,25+,42,8,10,25+
dayynaa,9,41,1,38,25+,41,1,38,25+
jairvill7,10,40,0,40,13,40,0,40,13
gaming,11,21,0,21,22,21,0,21,22
makeup,12,20,0,20,22,20,0,20,22
saracarstens,13,14,1,8,13,14,1,8,13
colbyschnacky,14,13,0,13,25+,13,0,13,25+
isaakpresley,15,10,0,10,25+,10,0,10,25+
faithordway7,16,10,0,8,25+,10,0,8,25+
petermckinnon,17,9,1,9,14,11,1,10,14
lilnasx,18,5,0,5,25+,5,0,5,25+
meredithduxbury,19,1,0,1,24,1,0,1,24
sabquesada,20,1,0,1,25+,1,0,1,25+
sydneyvmay,21,1,4,1,23,1,4,1,23
fcbayern,22,1,0,1,10,1,0,1,10
kevwithin,23,1,0,1,9,1,0,1,9
ishowspeed,24,0,0,0,13,0,0,0,13
kirill_mist,25,0,0,0,19,0,0,0,19
fcbarcelona,26,0,0,0,8,0,0,0,8
timestamp,27,1678900694,1678900694,1678900694,1678900694,1678900862,1678900862,1678900862,1678900862
